,Floorday,Heteropneum Strength,Pilot,Pilot Strength (alpha),Pilot Strength (beta),Pilot Strength (gamma),Pilot Strength (delta),Pilot Strength (epsilon),Pilot Strength (zeta),Pilot Strength (eta)
0,2.0,1.14 kCept,Janelle K.,1.72 kCept,2.76 kCept,1.89 kCept,1.1 kCept,0.14 kCept,0.0 kCept,0.42 kCept
1,3.0,1.7 kCept,Maria N.,3.73 kCept,3.12 kCept,2.91 kCept,5.47 kCept,0.56 kCept,2.16 kCept,0.94 kCept
2,4.0,1.28 kCept,Janelle K.,1.76 kCept,2.96 kCept,3.15 kCept,1.28 kCept,0.2 kCept,0.93 kCept,0.42 kCept
3,5.0,3.1 kCept,Maria N.,Unknown,Unknown,Unknown,5.9 kCept,Unknown,Unknown,Unknown
4,7.0,2.3 kCept,Janelle K.,Unknown,2.7 kCept,Unknown,Unknown,Unknown,Unknown,Unknown
5,14.0,2.56 kCept,Maria N.,3.76 kCept,2.61 kCept,0.66 kCept,5.83 kCept,1.34 kCept,2.16 kCept,0.94 kCept
6,15.0,1.4 kCept,Janelle K.,Unknown,2.6 kCept,Unknown,Unknown,Unknown,Unknown,Unknown
7,17.0,2.56 kCept,Maria N.,3.7 kCept,2.61 kCept,0.66 kCept,5.13 kCept,1.34 kCept,2.16 kCept,0.94 kCept
8,22.0,1.42 kCept,Janelle K.,1.76 kCept,3.27 kCept,3.4 kCept,1.14 kCept,0.27 kCept,0.93 kCept,0.42 kCept
9,23.0,1.85 kCept,Maria N.,3.59 kCept,3.02 kCept,0.66 kCept,5.17 kCept,0.68 kCept,2.16 kCept,0.94 kCept
10,29.0,2.1 kCept,Janelle K.,Unknown,2.9 kCept,Unknown,Unknown,Unknown,Unknown,Unknown
11,32.0,0.99 kCept,Janelle K.,1.79 kCept,3.57 kCept,0.89 kCept,1.37 kCept,0.1 kCept,0.0 kCept,0.42 kCept
12,34.0,0.99 kCept,Maria N.,3.76 kCept,2.92 kCept,0.66 kCept,5.42 kCept,0.13 kCept,2.16 kCept,0.94 kCept
13,35.0,0.71 kCept,Corazon V.,2.17 kCept,0.29 kCept,0.66 kCept,0.87 kCept,0.03 kCept,1.98 kCept,0.11 kCept
14,39.0,2.27 kCept,Maria N.,3.67 kCept,2.92 kCept,2.16 kCept,6.01 kCept,1.07 kCept,2.16 kCept,0.94 kCept
15,41.0,0.9 kCept,Will C.,Unknown,1.4 kCept,Unknown,Unknown,Unknown,Unknown,Unknown
16,42.0,1.99 kCept,Maria N.,3.7 kCept,2.71 kCept,1.97 kCept,5.56 kCept,0.81 kCept,0.0 kCept,0.94 kCept
17,48.0,5.7 kCept,Maria N.,Unknown,Unknown,Unknown,6.8 kCept,Unknown,Unknown,Unknown
18,49.0,2.0 kCept,Janelle K.,Unknown,2.8 kCept,Unknown,Unknown,Unknown,Unknown,Unknown
19,52.0,1.8 kCept,Janelle K.,Unknown,3.1 kCept,Unknown,Unknown,Unknown,Unknown,Unknown
20,60.0,3.1 kCept,Maria N.,Unknown,Unknown,Unknown,5.7 kCept,Unknown,Unknown,Unknown
21,66.0,2.56 kCept,Maria N.,3.64 kCept,2.81 kCept,5.72 kCept,6.01 kCept,1.34 kCept,2.16 kCept,0.94 kCept
22,67.0,2.98 kCept,Maria N.,3.59 kCept,2.81 kCept,2.63 kCept,6.15 kCept,1.68 kCept,2.16 kCept,0.94 kCept
23,70.0,1.28 kCept,Maria N.,3.79 kCept,2.81 kCept,0.66 kCept,5.51 kCept,0.26 kCept,2.16 kCept,0.94 kCept
24,71.0,2.7 kCept,Maria N.,3.67 kCept,2.81 kCept,2.44 kCept,5.53 kCept,1.46 kCept,2.16 kCept,0.94 kCept
25,76.0,2.0 kCept,Janelle K.,Unknown,2.7 kCept,Unknown,Unknown,Unknown,Unknown,Unknown
26,79.0,2.56 kCept,Maria N.,3.79 kCept,2.71 kCept,2.35 kCept,6.1 kCept,1.34 kCept,2.16 kCept,0.94 kCept
27,81.0,1.7 kCept,Maria N.,3.64 kCept,2.92 kCept,0.66 kCept,5.39 kCept,0.56 kCept,0.0 kCept,0.94 kCept
28,87.0,1.6 kCept,Janelle K.,Unknown,2.5 kCept,Unknown,Unknown,Unknown,Unknown,Unknown
29,88.0,0.99 kCept,Janelle K.,1.76 kCept,2.86 kCept,0.89 kCept,1.41 kCept,0.1 kCept,0.0 kCept,0.42 kCept
30,90.0,4.3 kCept,Maria N.,Unknown,Unknown,Unknown,6.3 kCept,Unknown,Unknown,Unknown
31,94.0,4.4 kCept,Maria N.,Unknown,Unknown,Unknown,7.1 kCept,Unknown,Unknown,Unknown
32,104.0,1.6 kCept,Janelle K.,Unknown,2.6 kCept,Unknown,Unknown,Unknown,Unknown,Unknown
262,107.0,2.44 kCept,Maria N.,3.67 kCept,3.12 kCept,2.27 kCept,6.33 kCept,1.23 kCept,7.53 kCept,0.94 kCept
33,108.0,1.7 kCept,Janelle K.,Unknown,2.7 kCept,Unknown,Unknown,Unknown,Unknown,Unknown
34,110.0,0.57 kCept,Will C.,0.85 kCept,1.6 kCept,0.09 kCept,1.02 kCept,0.21 kCept,0.0 kCept,0.9 kCept
35,111.0,1.6 kCept,Janelle K.,Unknown,2.5 kCept,Unknown,Unknown,Unknown,Unknown,Unknown
36,112.0,0.85 kCept,Amir B.,1.95 kCept,1.95 kCept,1.46 kCept,1.77 kCept,0.07 kCept,0.88 kCept,0.22 kCept
37,113.0,1.28 kCept,Janelle K.,1.76 kCept,2.76 kCept,3.15 kCept,1.28 kCept,0.2 kCept,0.93 kCept,0.42 kCept
38,116.0,2.7 kCept,Maria N.,3.67 kCept,2.61 kCept,2.44 kCept,5.7 kCept,1.46 kCept,2.16 kCept,0.94 kCept
39,118.0,0.85 kCept,Maria N.,3.62 kCept,3.02 kCept,1.22 kCept,5.03 kCept,0.09 kCept,0.0 kCept,0.94 kCept
40,121.0,2.0 kCept,Janelle K.,Unknown,2.9 kCept,Unknown,Unknown,Unknown,Unknown,Unknown
41,126.0,2.1 kCept,Janelle K.,Unknown,2.7 kCept,Unknown,Unknown,Unknown,Unknown,Unknown
42,130.0,2.13 kCept,Maria N.,3.67 kCept,2.92 kCept,2.07 kCept,5.88 kCept,0.94 kCept,0.0 kCept,0.94 kCept
43,131.0,1.6 kCept,Janelle K.,Unknown,2.5 kCept,Unknown,Unknown,Unknown,Unknown,Unknown
44,135.0,2.27 kCept,Maria N.,3.73 kCept,2.61 kCept,0.66 kCept,6.27 kCept,1.07 kCept,2.16 kCept,0.94 kCept
45,139.0,4.0 kCept,Maria N.,Unknown,Unknown,Unknown,5.9 kCept,Unknown,Unknown,Unknown
46,141.0,3.4 kCept,Maria N.,Unknown,Unknown,Unknown,6.3 kCept,Unknown,Unknown,Unknown
47,142.0,2.3 kCept,Janelle K.,Unknown,2.7 kCept,Unknown,Unknown,Unknown,Unknown,Unknown
48,143.0,1.6 kCept,Janelle K.,Unknown,2.6 kCept,Unknown,Unknown,Unknown,Unknown,Unknown
49,146.0,3.1 kCept,Maria N.,Unknown,Unknown,Unknown,5.8 kCept,Unknown,Unknown,Unknown
50,147.0,2.56 kCept,Maria N.,3.62 kCept,3.44 kCept,0.66 kCept,5.66 kCept,1.34 kCept,2.16 kCept,0.94 kCept
51,149.0,1.42 kCept,Maria N.,3.76 kCept,2.61 kCept,1.6 kCept,6.18 kCept,0.34 kCept,2.16 kCept,0.94 kCept
52,150.0,3.4 kCept,Maria N.,Unknown,Unknown,Unknown,6.4 kCept,Unknown,Unknown,Unknown
263,151.0,3.3 kCept,Maria N.,Unknown,Unknown,Unknown,5.8 kCept,Unknown,Unknown,Unknown
53,155.0,1.14 kCept,Janelle K.,1.9 kCept,2.66 kCept,0.89 kCept,1.14 kCept,0.14 kCept,0.93 kCept,0.42 kCept
54,161.0,0.99 kCept,Janelle K.,1.78 kCept,3.06 kCept,0.89 kCept,1.03 kCept,0.1 kCept,0.93 kCept,0.42 kCept
55,164.0,4.0 kCept,Maria N.,Unknown,Unknown,Unknown,5.7 kCept,Unknown,Unknown,Unknown
56,165.0,2.6 kCept,Maria N.,Unknown,Unknown,Unknown,5.0 kCept,Unknown,Unknown,Unknown
57,167.0,1.28 kCept,Janelle K.,1.83 kCept,3.16 kCept,0.89 kCept,1.32 kCept,0.2 kCept,0.93 kCept,0.42 kCept
58,172.0,0.85 kCept,Janelle K.,1.78 kCept,2.56 kCept,0.89 kCept,1.21 kCept,0.07 kCept,0.93 kCept,0.42 kCept
59,176.0,1.6 kCept,Janelle K.,Unknown,2.7 kCept,Unknown,Unknown,Unknown,Unknown,Unknown
60,178.0,0.99 kCept,Maria N.,3.62 kCept,2.5 kCept,1.32 kCept,5.6 kCept,0.13 kCept,2.16 kCept,0.94 kCept
61,180.0,1.8 kCept,Janelle K.,Unknown,3.2 kCept,Unknown,Unknown,Unknown,Unknown,Unknown
62,184.0,1.0 kCept,Will C.,Unknown,1.5 kCept,Unknown,Unknown,Unknown,Unknown,Unknown
63,190.0,2.8 kCept,Maria N.,Unknown,Unknown,Unknown,5.1 kCept,Unknown,Unknown,Unknown
64,192.0,2.84 kCept,Maria N.,3.76 kCept,3.12 kCept,4.41 kCept,5.75 kCept,1.57 kCept,2.16 kCept,0.94 kCept
65,194.0,3.8 kCept,Maria N.,Unknown,Unknown,Unknown,5.6 kCept,Unknown,Unknown,Unknown
66,200.0,4.0 kCept,Maria N.,Unknown,Unknown,Unknown,6.1 kCept,Unknown,Unknown,Unknown
67,201.0,3.3 kCept,Maria N.,Unknown,Unknown,Unknown,6.5 kCept,Unknown,Unknown,Unknown
68,202.0,1.7 kCept,Janelle K.,Unknown,2.4 kCept,Unknown,Unknown,Unknown,Unknown,Unknown
69,204.0,2.0 kCept,Janelle K.,Unknown,2.7 kCept,Unknown,Unknown,Unknown,Unknown,Unknown
70,205.0,2.4 kCept,Janelle K.,Unknown,3.1 kCept,Unknown,Unknown,Unknown,Unknown,Unknown
71,208.0,4.4 kCept,Maria N.,Unknown,Unknown,Unknown,6.3 kCept,Unknown,Unknown,Unknown
72,209.0,1.42 kCept,Maria N.,3.64 kCept,2.92 kCept,1.6 kCept,5.3 kCept,0.34 kCept,0.0 kCept,0.94 kCept
264,212.0,0.3 kCept,Janelle K.,1.78 kCept,2.76 kCept,0.89 kCept,1.29 kCept,0.16 kCept,0.0 kCept,0.42 kCept
265,213.0,1.19 kCept,Janelle K.,1.75 kCept,2.66 kCept,1.94 kCept,1.17 kCept,0.16 kCept,0.0 kCept,0.42 kCept
73,214.0,1.8 kCept,Janelle K.,Unknown,2.8 kCept,Unknown,Unknown,Unknown,Unknown,Unknown
74,217.0,2.1 kCept,Janelle K.,Unknown,2.6 kCept,Unknown,Unknown,Unknown,Unknown,Unknown
75,220.0,1.28 kCept,Maria N.,3.96 kCept,2.81 kCept,0.66 kCept,5.43 kCept,0.26 kCept,2.16 kCept,0.94 kCept
76,222.0,4.3 kCept,Maria N.,Unknown,Unknown,Unknown,6.2 kCept,Unknown,Unknown,Unknown
77,224.0,2.56 kCept,Maria N.,3.62 kCept,2.71 kCept,2.35 kCept,5.31 kCept,1.34 kCept,2.16 kCept,0.94 kCept
78,228.0,3.6 kCept,Maria N.,Unknown,Unknown,Unknown,6.2 kCept,Unknown,Unknown,Unknown
79,230.0,1.4 kCept,Janelle K.,Unknown,2.7 kCept,Unknown,Unknown,Unknown,Unknown,Unknown
80,232.0,2.27 kCept,Maria N.,3.67 kCept,2.61 kCept,0.66 kCept,5.04 kCept,1.07 kCept,2.16 kCept,0.94 kCept
81,233.0,1.7 kCept,Janelle K.,Unknown,2.8 kCept,Unknown,Unknown,Unknown,Unknown,Unknown
82,235.0,2.27 kCept,Maria N.,3.67 kCept,2.71 kCept,2.16 kCept,6.19 kCept,1.07 kCept,2.16 kCept,0.94 kCept
83,236.0,1.6 kCept,Janelle K.,Unknown,3.0 kCept,Unknown,Unknown,Unknown,Unknown,Unknown
84,242.0,0.99 kCept,Corazon V.,2.3 kCept,0.3 kCept,1.15 kCept,0.84 kCept,0.04 kCept,1.98 kCept,0.11 kCept
85,243.0,0.99 kCept,Janelle K.,1.74 kCept,2.86 kCept,2.65 kCept,1.26 kCept,0.1 kCept,0.93 kCept,0.42 kCept
86,247.0,0.85 kCept,Janelle K.,1.89 kCept,2.86 kCept,3.15 kCept,1.25 kCept,0.07 kCept,0.93 kCept,0.42 kCept
87,248.0,2.56 kCept,Maria N.,3.73 kCept,3.12 kCept,4.04 kCept,5.75 kCept,1.34 kCept,2.16 kCept,0.94 kCept
88,251.0,2.84 kCept,Maria N.,3.67 kCept,3.02 kCept,6.29 kCept,6.01 kCept,1.57 kCept,2.16 kCept,0.94 kCept
89,253.0,0.85 kCept,Janelle K.,1.82 kCept,2.66 kCept,2.39 kCept,1.38 kCept,0.07 kCept,0.93 kCept,0.42 kCept
90,254.0,1.4 kCept,Janelle K.,Unknown,2.7 kCept,Unknown,Unknown,Unknown,Unknown,Unknown
91,258.0,3.6 kCept,Maria N.,Unknown,Unknown,Unknown,6.3 kCept,Unknown,Unknown,Unknown
92,263.0,1.1 kCept,Flint S.,1.6 kCept,Unknown,Unknown,Unknown,Unknown,Unknown,Unknown
93,265.0,2.7 kCept,Maria N.,Unknown,Unknown,Unknown,5.1 kCept,Unknown,Unknown,Unknown
94,266.0,3.1 kCept,Maria N.,Unknown,Unknown,Unknown,5.8 kCept,Unknown,Unknown,Unknown
95,272.0,1.6 kCept,Janelle K.,Unknown,2.6 kCept,Unknown,Unknown,Unknown,Unknown,Unknown
96,276.0,2.8 kCept,Maria N.,Unknown,Unknown,Unknown,5.3 kCept,Unknown,Unknown,Unknown
97,279.0,1.0 kCept,Flint S.,1.6 kCept,Unknown,Unknown,Unknown,Unknown,Unknown,Unknown
98,280.0,0.99 kCept,Corazon V.,2.2 kCept,0.32 kCept,0.76 kCept,0.78 kCept,0.04 kCept,0.0 kCept,0.17 kCept
99,285.0,1.99 kCept,Maria N.,3.7 kCept,2.71 kCept,0.66 kCept,5.48 kCept,0.81 kCept,2.16 kCept,1.42 kCept
100,287.0,2.84 kCept,Maria N.,3.93 kCept,2.81 kCept,2.54 kCept,6.01 kCept,1.57 kCept,2.16 kCept,1.42 kCept
101,296.0,2.56 kCept,Maria N.,3.73 kCept,2.81 kCept,2.35 kCept,5.83 kCept,1.34 kCept,2.16 kCept,1.42 kCept
102,297.0,2.27 kCept,Maria N.,3.87 kCept,2.71 kCept,0.66 kCept,5.74 kCept,1.07 kCept,0.0 kCept,1.42 kCept
103,299.0,3.3 kCept,Maria N.,Unknown,Unknown,Unknown,6.3 kCept,Unknown,Unknown,Unknown
104,303.0,3.3 kCept,Maria N.,Unknown,Unknown,Unknown,5.9 kCept,Unknown,Unknown,Unknown
105,308.0,3.6 kCept,Maria N.,Unknown,Unknown,Unknown,6.2 kCept,Unknown,Unknown,Unknown
106,312.0,1.1 kCept,Amir B.,1.8 kCept,Unknown,Unknown,Unknown,Unknown,Unknown,Unknown
107,316.0,1.7 kCept,Maria N.,3.76 kCept,2.4 kCept,0.66 kCept,5.92 kCept,0.56 kCept,2.16 kCept,2.13 kCept
108,318.0,2.56 kCept,Maria N.,3.7 kCept,2.92 kCept,4.04 kCept,6.01 kCept,1.34 kCept,2.16 kCept,2.13 kCept
109,321.0,3.3 kCept,Maria N.,Unknown,Unknown,Unknown,6.3 kCept,Unknown,Unknown,Unknown
110,323.0,2.7 kCept,Maria N.,3.73 kCept,3.23 kCept,2.44 kCept,6.32 kCept,1.46 kCept,2.16 kCept,2.13 kCept
266,324.0,0.21 kCept,Flint S.,1.55 kCept,0.9 kCept,0.29 kCept,1.49 kCept,0.33 kCept,0.0 kCept,2.3 kCept
111,328.0,2.13 kCept,Maria N.,3.84 kCept,2.5 kCept,6.29 kCept,5.35 kCept,0.94 kCept,2.16 kCept,2.13 kCept
112,330.0,1.85 kCept,Maria N.,3.73 kCept,2.61 kCept,0.66 kCept,5.52 kCept,0.68 kCept,2.16 kCept,2.13 kCept
113,331.0,2.7 kCept,Maria N.,3.67 kCept,2.81 kCept,4.22 kCept,5.62 kCept,1.46 kCept,2.16 kCept,2.13 kCept
114,335.0,0.85 kCept,Janelle K.,1.84 kCept,2.76 kCept,2.39 kCept,1.02 kCept,0.07 kCept,0.0 kCept,0.96 kCept
115,347.0,1.4 kCept,Janelle K.,Unknown,2.7 kCept,Unknown,Unknown,Unknown,Unknown,Unknown
116,350.0,2.3 kCept,Janelle K.,Unknown,2.9 kCept,Unknown,Unknown,Unknown,Unknown,Unknown
117,354.0,0.85 kCept,Janelle K.,1.79 kCept,2.76 kCept,0.89 kCept,1.12 kCept,0.07 kCept,0.93 kCept,0.96 kCept
118,362.0,3.6 kCept,Maria N.,Unknown,Unknown,Unknown,6.0 kCept,Unknown,Unknown,Unknown
119,367.0,1.28 kCept,Maria N.,3.76 kCept,2.61 kCept,0.66 kCept,5.16 kCept,0.26 kCept,2.16 kCept,2.13 kCept
120,368.0,2.13 kCept,Maria N.,3.73 kCept,2.5 kCept,0.66 kCept,6.23 kCept,0.94 kCept,2.16 kCept,2.13 kCept
121,374.0,1.85 kCept,Maria N.,3.7 kCept,2.81 kCept,1.88 kCept,5.52 kCept,0.68 kCept,0.0 kCept,2.13 kCept
122,377.0,1.56 kCept,Maria N.,3.64 kCept,2.92 kCept,2.72 kCept,5.87 kCept,0.45 kCept,2.16 kCept,2.13 kCept
267,380.0,4.9 kCept,Maria N.,Unknown,Unknown,Unknown,6.5 kCept,Unknown,Unknown,Unknown
123,381.0,2.56 kCept,Maria N.,4.01 kCept,3.02 kCept,2.35 kCept,6.72 kCept,1.34 kCept,2.16 kCept,2.13 kCept
124,385.0,1.6 kCept,Janelle K.,Unknown,2.8 kCept,Unknown,Unknown,Unknown,Unknown,Unknown
125,386.0,2.7 kCept,Maria N.,3.64 kCept,2.61 kCept,0.66 kCept,6.06 kCept,1.46 kCept,2.16 kCept,2.13 kCept
126,388.0,1.14 kCept,Janelle K.,1.75 kCept,2.96 kCept,1.89 kCept,1.14 kCept,0.14 kCept,0.93 kCept,0.96 kCept
268,389.0,3.2 kCept,Maria N.,Unknown,Unknown,Unknown,6.4 kCept,Unknown,Unknown,Unknown
127,391.0,1.8 kCept,Janelle K.,Unknown,2.7 kCept,Unknown,Unknown,Unknown,Unknown,Unknown
128,396.0,2.41 kCept,Maria N.,3.7 kCept,2.81 kCept,2.26 kCept,5.44 kCept,1.21 kCept,2.16 kCept,2.13 kCept
129,397.0,0.85 kCept,Maria N.,3.9 kCept,2.5 kCept,0.66 kCept,4.67 kCept,0.09 kCept,2.16 kCept,2.13 kCept
130,398.0,1.42 kCept,Maria N.,3.93 kCept,2.5 kCept,3.47 kCept,5.82 kCept,0.34 kCept,2.16 kCept,2.13 kCept
131,399.0,3.7 kCept,Maria N.,Unknown,Unknown,Unknown,6.8 kCept,Unknown,Unknown,Unknown
132,404.0,2.13 kCept,Maria N.,3.76 kCept,2.61 kCept,2.07 kCept,5.35 kCept,0.94 kCept,2.16 kCept,2.13 kCept
133,407.0,4.4 kCept,Maria N.,Unknown,Unknown,Unknown,5.3 kCept,Unknown,Unknown,Unknown
134,408.0,2.84 kCept,Maria N.,3.59 kCept,2.81 kCept,0.66 kCept,6.37 kCept,1.57 kCept,2.16 kCept,2.13 kCept
135,411.0,2.7 kCept,Maria N.,3.79 kCept,2.71 kCept,0.66 kCept,5.7 kCept,1.46 kCept,2.16 kCept,2.13 kCept
136,414.0,1.28 kCept,Janelle K.,1.75 kCept,3.06 kCept,3.15 kCept,1.45 kCept,0.2 kCept,0.0 kCept,0.96 kCept
137,416.0,2.0 kCept,Janelle K.,Unknown,3.0 kCept,Unknown,Unknown,Unknown,Unknown,Unknown
138,418.0,2.41 kCept,Maria N.,3.87 kCept,3.12 kCept,3.85 kCept,5.79 kCept,1.21 kCept,2.16 kCept,2.13 kCept
139,422.0,3.3 kCept,Maria N.,Unknown,Unknown,Unknown,5.9 kCept,Unknown,Unknown,Unknown
140,423.0,2.84 kCept,Maria N.,3.67 kCept,2.71 kCept,6.29 kCept,5.75 kCept,1.57 kCept,2.16 kCept,2.13 kCept
141,428.0,3.7 kCept,Maria N.,Unknown,Unknown,Unknown,6.3 kCept,Unknown,Unknown,Unknown
142,431.0,3.1 kCept,Maria N.,Unknown,Unknown,Unknown,5.5 kCept,Unknown,Unknown,Unknown
143,437.0,2.0 kCept,Janelle K.,Unknown,2.7 kCept,Unknown,Unknown,Unknown,Unknown,Unknown
144,442.0,0.71 kCept,Janelle K.,1.76 kCept,2.56 kCept,1.52 kCept,1.11 kCept,0.07 kCept,0.0 kCept,0.96 kCept
145,449.0,0.85 kCept,Janelle K.,1.8 kCept,2.86 kCept,1.64 kCept,1.48 kCept,0.07 kCept,0.93 kCept,0.96 kCept
146,450.0,1.28 kCept,Maria N.,3.9 kCept,3.02 kCept,2.35 kCept,5.07 kCept,0.26 kCept,2.16 kCept,2.13 kCept
147,455.0,3.8 kCept,Maria N.,Unknown,Unknown,Unknown,6.2 kCept,Unknown,Unknown,Unknown
148,459.0,1.28 kCept,Maria N.,3.84 kCept,2.92 kCept,0.66 kCept,5.16 kCept,0.26 kCept,2.16 kCept,2.13 kCept
149,462.0,1.28 kCept,Maria N.,3.84 kCept,2.92 kCept,3.19 kCept,4.54 kCept,0.26 kCept,2.16 kCept,2.13 kCept
150,463.0,1.8 kCept,Janelle K.,Unknown,2.6 kCept,Unknown,Unknown,Unknown,Unknown,Unknown
269,464.0,1.4 kCept,Janelle K.,Unknown,2.7 kCept,Unknown,Unknown,Unknown,Unknown,Unknown
270,465.0,1.4 kCept,Janelle K.,1.83 kCept,2.96 kCept,2.13 kCept,1.25 kCept,0.26 kCept,0.0 kCept,0.96 kCept
151,469.0,1.85 kCept,Maria N.,3.73 kCept,2.92 kCept,1.88 kCept,5.61 kCept,0.68 kCept,2.16 kCept,2.13 kCept
152,471.0,3.12 kCept,Maria N.,3.9 kCept,2.81 kCept,4.79 kCept,6.37 kCept,1.77 kCept,2.16 kCept,2.13 kCept
153,474.0,1.99 kCept,Maria N.,3.79 kCept,2.71 kCept,1.97 kCept,5.48 kCept,0.81 kCept,2.16 kCept,2.13 kCept
154,475.0,1.42 kCept,Janelle K.,1.79 kCept,2.86 kCept,4.66 kCept,1.4 kCept,0.27 kCept,0.93 kCept,0.96 kCept
155,479.0,3.0 kCept,Maria N.,Unknown,Unknown,Unknown,5.5 kCept,Unknown,Unknown,Unknown
156,480.0,3.4 kCept,Maria N.,Unknown,Unknown,Unknown,5.7 kCept,Unknown,Unknown,Unknown
157,484.0,1.28 kCept,Maria N.,3.73 kCept,2.61 kCept,2.35 kCept,5.69 kCept,0.26 kCept,2.16 kCept,2.13 kCept
158,489.0,1.85 kCept,Maria N.,3.79 kCept,2.92 kCept,0.66 kCept,5.61 kCept,0.68 kCept,0.0 kCept,2.13 kCept
159,490.0,2.3 kCept,Janelle K.,Unknown,2.7 kCept,Unknown,Unknown,Unknown,Unknown,Unknown
160,492.0,3.8 kCept,Maria N.,Unknown,Unknown,Unknown,6.4 kCept,Unknown,Unknown,Unknown
161,494.0,2.1 kCept,Janelle K.,Unknown,2.8 kCept,Unknown,Unknown,Unknown,Unknown,Unknown
162,495.0,1.14 kCept,Maria N.,3.73 kCept,2.81 kCept,1.41 kCept,5.73 kCept,0.18 kCept,2.16 kCept,2.13 kCept
163,501.0,2.4 kCept,Janelle K.,Unknown,3.0 kCept,Unknown,Unknown,Unknown,Unknown,Unknown
164,507.0,1.0 kCept,Flint S.,1.8 kCept,Unknown,Unknown,Unknown,Unknown,Unknown,Unknown
165,512.0,3.0 kCept,Maria N.,Unknown,Unknown,Unknown,5.9 kCept,Unknown,Unknown,Unknown
166,516.0,2.84 kCept,Maria N.,4.21 kCept,2.61 kCept,2.54 kCept,5.84 kCept,1.57 kCept,2.16 kCept,3.02 kCept
167,520.0,2.4 kCept,Janelle K.,Unknown,2.9 kCept,Unknown,Unknown,Unknown,Unknown,Unknown
271,521.0,5.1 kCept,Maria N.,Unknown,Unknown,Unknown,6.8 kCept,Unknown,Unknown,Unknown
168,523.0,0.85 kCept,Amir B.,2.12 kCept,1.95 kCept,0.51 kCept,2.01 kCept,0.07 kCept,0.88 kCept,0.69 kCept
169,524.0,2.1 kCept,Janelle K.,Unknown,2.7 kCept,Unknown,Unknown,Unknown,Unknown,Unknown
170,526.0,0.9 kCept,Will C.,Unknown,1.7 kCept,Unknown,Unknown,Unknown,Unknown,Unknown
272,529.0,4.5 kCept,Maria N.,Unknown,Unknown,Unknown,7.4 kCept,Unknown,Unknown,Unknown
171,535.0,1.7 kCept,Janelle K.,Unknown,2.9 kCept,Unknown,Unknown,Unknown,Unknown,Unknown
172,540.0,2.0 kCept,Janelle K.,Unknown,2.5 kCept,Unknown,Unknown,Unknown,Unknown,Unknown
173,541.0,0.85 kCept,Janelle K.,2.02 kCept,2.66 kCept,0.89 kCept,1.38 kCept,0.07 kCept,0.93 kCept,1.36 kCept
174,542.0,0.57 kCept,Janelle K.,2.14 kCept,3.06 kCept,1.89 kCept,1.33 kCept,0.08 kCept,0.93 kCept,1.36 kCept
175,544.0,4.7 kCept,Maria N.,Unknown,Unknown,Unknown,6.8 kCept,Unknown,Unknown,Unknown
176,548.0,1.28 kCept,Maria N.,4.21 kCept,3.23 kCept,1.51 kCept,5.16 kCept,0.26 kCept,2.16 kCept,3.02 kCept
177,552.0,1.85 kCept,Maria N.,4.21 kCept,2.71 kCept,0.66 kCept,5.34 kCept,0.68 kCept,2.16 kCept,3.02 kCept
178,557.0,0.43 kCept,Janelle K.,2.09 kCept,2.56 kCept,1.26 kCept,1.28 kCept,0.11 kCept,0.93 kCept,1.36 kCept
179,559.0,1.7 kCept,Maria N.,4.3 kCept,3.12 kCept,0.66 kCept,5.74 kCept,0.56 kCept,2.16 kCept,3.02 kCept
180,564.0,2.27 kCept,Maria N.,4.24 kCept,2.71 kCept,2.16 kCept,5.74 kCept,1.07 kCept,2.16 kCept,3.02 kCept
181,565.0,2.56 kCept,Maria N.,4.27 kCept,2.5 kCept,0.66 kCept,5.66 kCept,1.34 kCept,2.16 kCept,3.02 kCept
182,567.0,0.43 kCept,Maria N.,4.24 kCept,3.12 kCept,0.94 kCept,4.62 kCept,0.14 kCept,2.16 kCept,3.02 kCept
183,568.0,2.56 kCept,Maria N.,4.1 kCept,2.61 kCept,2.35 kCept,5.75 kCept,1.34 kCept,2.16 kCept,3.02 kCept
184,569.0,1.1 kCept,Will C.,Unknown,1.4 kCept,Unknown,Unknown,Unknown,Unknown,Unknown
185,571.0,2.1 kCept,Janelle K.,Unknown,2.7 kCept,Unknown,Unknown,Unknown,Unknown,Unknown
186,574.0,2.98 kCept,Maria N.,4.16 kCept,2.71 kCept,0.66 kCept,6.15 kCept,1.68 kCept,2.16 kCept,3.02 kCept
187,577.0,2.0 kCept,Janelle K.,Unknown,3.0 kCept,Unknown,Unknown,Unknown,Unknown,Unknown
188,580.0,0.99 kCept,Amir B.,2.15 kCept,1.95 kCept,0.28 kCept,1.87 kCept,0.1 kCept,0.88 kCept,0.69 kCept
189,585.0,0.9 kCept,Will C.,Unknown,1.6 kCept,Unknown,Unknown,Unknown,Unknown,Unknown
190,587.0,2.41 kCept,Maria N.,4.24 kCept,2.61 kCept,2.26 kCept,5.7 kCept,1.21 kCept,2.16 kCept,3.02 kCept
191,591.0,1.28 kCept,Maria N.,4.24 kCept,2.5 kCept,1.51 kCept,5.87 kCept,0.26 kCept,2.16 kCept,3.02 kCept
192,593.0,0.85 kCept,Amir B.,2.13 kCept,2.03 kCept,0.51 kCept,1.89 kCept,0.07 kCept,0.88 kCept,0.69 kCept
193,594.0,2.1 kCept,Janelle K.,Unknown,2.8 kCept,Unknown,Unknown,Unknown,Unknown,Unknown
194,596.0,1.3 kCept,Janelle K.,Unknown,2.5 kCept,Unknown,Unknown,Unknown,Unknown,Unknown
195,598.0,1.4 kCept,Janelle K.,Unknown,2.7 kCept,Unknown,Unknown,Unknown,Unknown,Unknown
196,600.0,3.3 kCept,Maria N.,Unknown,Unknown,Unknown,5.9 kCept,Unknown,Unknown,Unknown
197,604.0,3.0 kCept,Maria N.,Unknown,Unknown,Unknown,5.7 kCept,Unknown,Unknown,Unknown
198,609.0,2.8 kCept,Maria N.,Unknown,Unknown,Unknown,5.7 kCept,Unknown,Unknown,Unknown
199,612.0,1.7 kCept,Janelle K.,Unknown,2.7 kCept,Unknown,Unknown,Unknown,Unknown,Unknown
200,613.0,4.1 kCept,Maria N.,Unknown,Unknown,Unknown,6.2 kCept,Unknown,Unknown,Unknown
201,619.0,1.99 kCept,Maria N.,4.27 kCept,3.12 kCept,4.6 kCept,5.12 kCept,0.81 kCept,2.16 kCept,3.02 kCept
202,621.0,1.14 kCept,Janelle K.,2.06 kCept,2.96 kCept,1.89 kCept,1.14 kCept,0.14 kCept,0.93 kCept,1.36 kCept
203,622.0,2.56 kCept,Maria N.,4.24 kCept,2.71 kCept,2.35 kCept,5.92 kCept,1.34 kCept,2.16 kCept,3.02 kCept
204,623.0,2.13 kCept,Maria N.,4.3 kCept,2.92 kCept,0.66 kCept,6.14 kCept,0.94 kCept,2.16 kCept,3.02 kCept
205,624.0,2.0 kCept,Janelle K.,Unknown,3.1 kCept,Unknown,Unknown,Unknown,Unknown,Unknown
206,625.0,1.7 kCept,Maria N.,4.44 kCept,2.71 kCept,2.91 kCept,4.94 kCept,0.56 kCept,2.16 kCept,3.02 kCept
207,627.0,2.56 kCept,Maria N.,4.41 kCept,2.92 kCept,0.66 kCept,6.54 kCept,1.34 kCept,2.16 kCept,3.02 kCept
208,630.0,0.85 kCept,Janelle K.,1.99 kCept,2.66 kCept,1.64 kCept,1.4 kCept,0.07 kCept,0.0 kCept,1.36 kCept
273,631.0,0.5 kCept,Janelle K.,2.06 kCept,2.35 kCept,1.78 kCept,1.18 kCept,0.09 kCept,3.24 kCept,1.36 kCept
209,636.0,3.4 kCept,Maria N.,Unknown,Unknown,Unknown,6.6 kCept,Unknown,Unknown,Unknown
210,643.0,1.4 kCept,Janelle K.,Unknown,2.8 kCept,Unknown,Unknown,Unknown,Unknown,Unknown
211,644.0,0.57 kCept,Janelle K.,2.02 kCept,2.66 kCept,0.89 kCept,1.31 kCept,0.08 kCept,0.93 kCept,1.36 kCept
212,645.0,3.12 kCept,Maria N.,4.38 kCept,2.61 kCept,2.72 kCept,6.46 kCept,1.77 kCept,2.16 kCept,3.02 kCept
213,646.0,1.99 kCept,Maria N.,4.21 kCept,2.92 kCept,3.29 kCept,4.77 kCept,0.81 kCept,2.16 kCept,3.02 kCept
214,647.0,1.56 kCept,Maria N.,4.16 kCept,3.02 kCept,0.66 kCept,5.96 kCept,0.45 kCept,2.16 kCept,3.02 kCept
215,649.0,3.3 kCept,Maria N.,Unknown,Unknown,Unknown,6.1 kCept,Unknown,Unknown,Unknown
216,652.0,2.4 kCept,Janelle K.,Unknown,2.5 kCept,Unknown,Unknown,Unknown,Unknown,Unknown
217,657.0,0.43 kCept,Maria N.,4.44 kCept,2.81 kCept,1.22 kCept,4.89 kCept,0.14 kCept,0.0 kCept,3.02 kCept
218,660.0,1.99 kCept,Maria N.,4.16 kCept,2.92 kCept,4.6 kCept,5.65 kCept,0.81 kCept,2.16 kCept,3.02 kCept
219,668.0,1.6 kCept,Janelle K.,Unknown,2.7 kCept,Unknown,Unknown,Unknown,Unknown,Unknown
220,672.0,1.28 kCept,Maria N.,4.35 kCept,2.71 kCept,1.51 kCept,5.51 kCept,0.26 kCept,2.16 kCept,3.02 kCept
221,676.0,1.1 kCept,Flint S.,1.8 kCept,Unknown,Unknown,Unknown,Unknown,Unknown,Unknown
222,678.0,1.0 kCept,Flint S.,1.7 kCept,Unknown,Unknown,Unknown,Unknown,Unknown,Unknown
274,680.0,0.79 kCept,Janelle K.,2.08 kCept,2.76 kCept,3.68 kCept,1.24 kCept,0.07 kCept,3.24 kCept,1.36 kCept
223,681.0,3.8 kCept,Maria N.,Unknown,Unknown,Unknown,6.2 kCept,Unknown,Unknown,Unknown
224,682.0,3.0 kCept,Maria N.,Unknown,Unknown,Unknown,5.6 kCept,Unknown,Unknown,Unknown
225,683.0,2.4 kCept,Janelle K.,Unknown,2.6 kCept,Unknown,Unknown,Unknown,Unknown,Unknown
226,691.0,1.6 kCept,Janelle K.,Unknown,2.8 kCept,Unknown,Unknown,Unknown,Unknown,Unknown
227,694.0,2.0 kCept,Janelle K.,Unknown,2.9 kCept,Unknown,Unknown,Unknown,Unknown,Unknown
228,696.0,1.42 kCept,Maria N.,4.27 kCept,2.92 kCept,0.66 kCept,5.3 kCept,0.34 kCept,2.16 kCept,3.02 kCept
229,700.0,1.42 kCept,Maria N.,4.13 kCept,2.92 kCept,2.54 kCept,5.38 kCept,0.34 kCept,2.16 kCept,3.02 kCept
230,709.0,2.3 kCept,Janelle K.,Unknown,2.7 kCept,Unknown,Unknown,Unknown,Unknown,Unknown
231,717.0,5.3 kCept,Maria N.,Unknown,Unknown,Unknown,6.6 kCept,Unknown,Unknown,Unknown
232,724.0,3.1 kCept,Maria N.,Unknown,Unknown,Unknown,6.1 kCept,Unknown,Unknown,Unknown
233,725.0,0.71 kCept,Maria N.,4.16 kCept,3.33 kCept,0.66 kCept,5.6 kCept,0.08 kCept,2.16 kCept,3.02 kCept
234,726.0,0.85 kCept,Amir B.,2.09 kCept,2.03 kCept,0.28 kCept,1.71 kCept,0.07 kCept,0.88 kCept,0.69 kCept
235,728.0,3.1 kCept,Maria N.,Unknown,Unknown,Unknown,5.8 kCept,Unknown,Unknown,Unknown
236,731.0,1.8 kCept,Janelle K.,Unknown,2.8 kCept,Unknown,Unknown,Unknown,Unknown,Unknown
237,732.0,1.14 kCept,Janelle K.,1.95 kCept,2.56 kCept,0.89 kCept,1.21 kCept,0.14 kCept,0.93 kCept,1.36 kCept
238,734.0,0.85 kCept,Maria N.,4.24 kCept,3.12 kCept,1.22 kCept,5.29 kCept,0.09 kCept,2.16 kCept,3.02 kCept
239,735.0,1.85 kCept,Maria N.,4.24 kCept,2.61 kCept,1.88 kCept,5.25 kCept,0.68 kCept,0.0 kCept,3.02 kCept
240,740.0,2.41 kCept,Maria N.,4.18 kCept,2.71 kCept,5.44 kCept,5.97 kCept,1.21 kCept,2.16 kCept,3.02 kCept
241,746.0,2.7 kCept,Maria N.,4.27 kCept,2.71 kCept,2.44 kCept,5.53 kCept,1.46 kCept,2.16 kCept,3.02 kCept
242,749.0,0.28 kCept,Janelle K.,1.97 kCept,2.66 kCept,1.64 kCept,1.33 kCept,0.17 kCept,0.0 kCept,1.08 kCept
243,754.0,1.28 kCept,Janelle K.,2.12 kCept,2.86 kCept,0.89 kCept,1.28 kCept,0.2 kCept,0.93 kCept,1.08 kCept
244,755.0,0.57 kCept,Maria N.,4.35 kCept,2.81 kCept,1.41 kCept,5.11 kCept,0.1 kCept,2.16 kCept,2.41 kCept
245,760.0,0.28 kCept,Maria N.,4.41 kCept,2.81 kCept,0.66 kCept,5.55 kCept,0.21 kCept,0.0 kCept,2.41 kCept
246,762.0,2.98 kCept,Maria N.,4.16 kCept,2.71 kCept,2.63 kCept,6.24 kCept,1.68 kCept,2.16 kCept,2.41 kCept
247,763.0,3.0 kCept,Maria N.,Unknown,Unknown,Unknown,5.8 kCept,Unknown,Unknown,Unknown
248,768.0,3.3 kCept,Maria N.,Unknown,Unknown,Unknown,6.4 kCept,Unknown,Unknown,Unknown
249,771.0,1.6 kCept,Janelle K.,Unknown,2.5 kCept,Unknown,Unknown,Unknown,Unknown,Unknown
275,772.0,1.89 kCept,Maria N.,4.3 kCept,2.61 kCept,4.4 kCept,5.89 kCept,0.72 kCept,7.53 kCept,2.41 kCept
276,773.0,0.05 kCept,Maria N.,4.16 kCept,3.23 kCept,0.7 kCept,4.59 kCept,0.4 kCept,7.53 kCept,2.41 kCept
250,774.0,3.12 kCept,Maria N.,4.3 kCept,2.71 kCept,6.85 kCept,6.81 kCept,1.77 kCept,2.16 kCept,2.41 kCept
251,777.0,0.85 kCept,Maria N.,4.24 kCept,2.5 kCept,1.22 kCept,5.38 kCept,0.09 kCept,2.16 kCept,2.41 kCept
252,779.0,1.7 kCept,Janelle K.,Unknown,2.4 kCept,Unknown,Unknown,Unknown,Unknown,Unknown
253,783.0,2.98 kCept,Maria N.,4.18 kCept,2.92 kCept,8.54 kCept,5.97 kCept,1.68 kCept,2.16 kCept,2.41 kCept
254,787.0,0.71 kCept,Maria N.,4.21 kCept,2.92 kCept,1.6 kCept,5.51 kCept,0.08 kCept,0.0 kCept,2.41 kCept
255,789.0,2.41 kCept,Maria N.,4.21 kCept,2.81 kCept,2.26 kCept,6.14 kCept,1.21 kCept,2.16 kCept,2.41 kCept
256,790.0,2.56 kCept,Maria N.,4.27 kCept,2.81 kCept,0.66 kCept,5.48 kCept,1.34 kCept,2.16 kCept,2.41 kCept
257,793.0,0.57 kCept,Janelle K.,2.06 kCept,2.66 kCept,1.89 kCept,1.31 kCept,0.08 kCept,0.0 kCept,1.08 kCept
258,794.0,3.4 kCept,Maria N.,Unknown,Unknown,Unknown,6.5 kCept,Unknown,Unknown,Unknown
259,796.0,2.27 kCept,Maria N.,4.27 kCept,2.92 kCept,2.16 kCept,5.57 kCept,1.07 kCept,2.16 kCept,2.41 kCept
260,800.0,1.85 kCept,Maria N.,4.18 kCept,2.92 kCept,0.66 kCept,5.52 kCept,0.68 kCept,2.16 kCept,2.41 kCept
277,801.0,2.2 kCept,Janelle K.,Unknown,2.4 kCept,Unknown,Unknown,Unknown,Unknown,Unknown
278,803.0,2.9 kCept,Maria N.,Unknown,Unknown,Unknown,5.6 kCept,Unknown,Unknown,Unknown
261,804.0,0.71 kCept,Janelle K.,2.02 kCept,2.86 kCept,0.89 kCept,1.15 kCept,0.07 kCept,0.93 kCept,1.08 kCept
279,813.0,5.5 kCept,Maria N.,Unknown,Unknown,Unknown,6.8 kCept,Unknown,Unknown,Unknown
280,814.0,3.1 kCept,Maria N.,Unknown,Unknown,Unknown,5.4 kCept,Unknown,Unknown,Unknown
